{"val_accuracy":0.9416666666666667,"_timestamp":1.7729020993277445e+09,"_step":4,"epoch":5,"_wandb":{"runtime":21},"_runtime":21}