{"_runtime":24,"epoch":5,"val_accuracy":0.9153333333333333,"_timestamp":1.772901893720743e+09,"_step":4,"_wandb":{"runtime":24}}