{"_step":4,"_runtime":6,"_wandb":{"runtime":6},"epoch":5,"val_accuracy":0.9478333333333333,"_timestamp":1.7729020256317434e+09}