{"epoch":5,"val_accuracy":0.9533333333333334,"_timestamp":1.772901717975743e+09,"_step":4,"_wandb":{"runtime":59},"_runtime":59}