{"val_accuracy":0.9748333333333333,"best_val_accuracy":0.9756666666666667,"_step":5,"_timestamp":1.7728964274753673e+09,"grad_norm_layer_4":0.15322540366866114,"_runtime":40,"grad_norm_layer_0":0.40124573848246103,"grad_norm_layer_3":0.11376574463392157,"val_loss":0.0890579659809576,"train_accuracy":0.9836666666666667,"test_accuracy":0.9759,"grad_norm_layer_1":0.2172060072925258,"train_loss":0.051281605358099246,"grad_norm_layer_2":0.14851155988897144,"_wandb":{"runtime":40},"epoch":5,"test_loss":0.07822928539161432}