{"_timestamp":1.7729019230105548e+09,"_step":4,"_wandb":{"runtime":17},"_runtime":17,"epoch":5,"val_accuracy":0.9533333333333334}