{"val_accuracy":0.9606666666666667,"_timestamp":1.772901573600495e+09,"_step":4,"_runtime":10,"_wandb":{"runtime":10},"epoch":5}