{"_wandb":{"runtime":12},"_runtime":12,"_step":4,"epoch":5,"val_accuracy":0.9536666666666667,"_timestamp":1.7729021160247552e+09}