{"test_loss":2.3011030571083704,"val_accuracy":0.11233333333333333,"_wandb":{"runtime":23},"grad_norm_layer_1":0,"val_loss":2.301175076531218,"_step":5,"grad_norm_layer_2":0,"epoch":5,"train_loss":2.3012503423633315,"_runtime":23,"_timestamp":1.7728981350924218e+09,"best_val_accuracy":0.11233333333333333,"test_accuracy":0.1135,"grad_norm_layer_0":0,"train_accuracy":0.11237037037037037}