{"_timestamp":1.772902071212111e+09,"_wandb":{"runtime":4},"_runtime":4,"_step":4,"epoch":5,"val_accuracy":0.9556666666666667}