{"_step":4,"epoch":5,"val_accuracy":0.9553333333333334,"_wandb":{"runtime":36},"_runtime":36,"_timestamp":1.772901653387577e+09}