{"_wandb":{"runtime":16},"_runtime":16,"epoch":5,"val_accuracy":0.9646666666666667,"_timestamp":1.7729021366808026e+09,"_step":4}