{"_step":4,"epoch":5,"val_accuracy":0.9528333333333333,"_timestamp":1.772901809950723e+09,"_wandb":{"runtime":38},"_runtime":38}