{"epoch":5,"_timestamp":1.7728959092873902e+09,"train_loss":0.22965303328096595,"_runtime":27,"_step":5,"val_accuracy":0.9325,"test_accuracy":0.9373,"_wandb":{"runtime":27},"train_accuracy":0.9326111111111111,"val_loss":0.23687594085086622,"test_loss":0.21198534984218423,"best_val_accuracy":0.9325}