{"_step":4,"epoch":5,"val_accuracy":0.11233333333333333,"_wandb":{"runtime":14},"_runtime":14,"_timestamp":1.7729015202794442e+09}