{"val_accuracy":0.9443333333333334,"_wandb":{"runtime":12},"_runtime":12,"_timestamp":1.772902042943213e+09,"_step":4,"epoch":5}