{"val_loss":0.12038178096449015,"_runtime":90,"epoch":9,"_timestamp":1.7728901281721306e+09,"train_accuracy":0.9732037037037037,"_wandb":{"runtime":90},"train_loss":0.09769199672212438,"val_accuracy":0.9658333333333333,"_step":8}