{"_timestamp":1.7729021590406165e+09,"_step":4,"_wandb":{"runtime":18},"_runtime":18,"epoch":5,"val_accuracy":0.9591666666666666}