{"_timestamp":1.7729016119103594e+09,"_wandb":{"runtime":15},"_runtime":15,"_step":4,"epoch":5,"val_accuracy":0.9716666666666667}