{"_runtime":30,"_wandb":{"runtime":30},"_step":4,"epoch":5,"val_accuracy":0.9646666666666667,"_timestamp":1.772901500569773e+09}