{"epoch":5,"val_accuracy":0.9303333333333333,"_wandb":{"runtime":8},"_runtime":8,"_timestamp":1.772901534764284e+09,"_step":4}