{"val_accuracy":0.9241666666666667,"_timestamp":1.77290159183887e+09,"_step":4,"_wandb":{"runtime":11},"_runtime":11,"epoch":5}