{"epoch":5,"val_accuracy":0.9633333333333334,"_wandb":{"runtime":43},"_runtime":43,"_timestamp":1.772901856757726e+09,"_step":4}