{"_wandb":{"runtime":91},"_timestamp":1.772893317235349e+09,"val_loss":0.10350856120922634,"test_accuracy":0.9777,"val_accuracy":0.9726666666666667,"test_loss":0.0782051256810776,"best_val_accuracy":0.9745,"_runtime":91,"train_loss":0.023332742054003326,"train_accuracy":0.9924814814814815,"epoch":10,"_step":10}