{"grad_norm_layer_3":0.07198741295754084,"test_accuracy":0.9628,"val_loss":0.14137306998977703,"val_accuracy":0.9603333333333334,"_step":5,"grad_norm_layer_1":0.15398837104758753,"train_loss":0.13525226105588758,"_timestamp":1.7728963743553634e+09,"train_accuracy":0.9602777777777778,"epoch":5,"grad_norm_layer_2":0.08220498253567184,"grad_norm_layer_0":0.24751812268266551,"_wandb":{"runtime":48},"test_loss":0.1290312595034188,"best_val_accuracy":0.9603333333333334,"_runtime":48,"grad_norm_layer_4":0.16112959465411925}